intern_id,first_name,last_name,email,phone,degree,university,year_graduation
1,Katherine,Ramirez,katherine.ramirez1@example.com,8646983585,M.Sc,Pune University,2022
2,Jeffrey,Ray,jeffrey.ray2@example.com,+1-127-710-0128x0495,B.E.,IIIT Delhi,2023
3,Sabrina,Perez,sabrina.perez3@example.com,0057882340,M.Sc,Mumbai University,2021
4,Brittany,Wiley,brittany.wiley4@example.com,299-883-3283x8999,M.Tech,Delhi University,2021
5,Melissa,Robles,melissa.robles5@example.com,+1-405-498-7552x272,BCA,Pune University,2019
6,Dylan,Adams,dylan.adams6@example.com,7230395953,B.Sc,Delhi University,2024
7,Melissa,Hernandez,melissa.hernandez7@example.com,253.688.2540x4672,B.Sc,NIT Trichy,2018
8,Terri,Martin,terri.martin8@example.com,127.704.2183x9329,BCA,BITS Pilani,2024
9,Angela,White,angela.white9@example.com,159-522-3466,B.Sc,BITS Pilani,2018
10,Amber,Sutton,amber.sutton10@example.com,(417)631-6726x33654,M.Sc,IIIT Delhi,2022
11,Andrew,Barber,andrew.barber11@example.com,970.030.6765x028,B.Tech,Mumbai University,2018
12,Joshua,Anderson,joshua.anderson12@example.com,001-693-056-1066,M.Tech,VIIT,2025
13,Colleen,Jones,colleen.jones13@example.com,394.268.9427,BBA,Delhi University,2023
14,Nancy,Williams,nancy.williams14@example.com,349-357-3609x908,BBA,NIT Trichy,2024
15,Dominique,Fleming,dominique.fleming15@example.com,405-419-9772x01669,B.E.,Delhi University,2018
16,Destiny,Osborn,destiny.osborn16@example.com,001-007-534-7411x5540,M.Tech,Pune University,2024
17,Kenneth,Johnson,kenneth.johnson17@example.com,(116)142-8725,B.Tech,BITS Pilani,2025
18,Amanda,Rodriguez,amanda.rodriguez18@example.com,(985)256-4190x1705,B.Tech,Pune University,2024
19,Jimmy,Green,jimmy.green19@example.com,(750)959-5687x81033,B.Sc,VIIT,2025
20,Michael,Lopez,michael.lopez20@example.com,869.240.5541,B.Tech,IIIT Delhi,2026
21,Jennifer,Montes,jennifer.montes21@example.com,517-383-4257x709,BBA,BITS Pilani,2025
22,Robert,Padilla,robert.padilla22@example.com,(491)445-4200x4021,M.Sc,Mumbai University,2020
23,Philip,Morales,philip.morales23@example.com,+1-251-172-4845x859,B.Tech,VIIT,2021
24,John,Nelson,john.nelson24@example.com,+1-125-554-6292x09306,B.Sc,Pune University,2023
25,Ana,Carter,ana.carter25@example.com,+1-294-335-4092x3606,B.Sc,IIIT Delhi,2021
26,Alexandra,Hull,alexandra.hull26@example.com,314-953-7673,M.Tech,Mumbai University,2021
27,Nicole,Shaw,nicole.shaw27@example.com,016.071.8555x42865,B.Sc,Delhi University,2021
28,Maria,Holland,maria.holland28@example.com,+1-714-634-9255x7172,BBA,VIIT,2019
29,Laura,Walsh,laura.walsh29@example.com,(092)094-5380,B.Sc,Delhi University,2020
30,Kevin,Lopez,kevin.lopez30@example.com,517.792.7112x3016,M.Tech,Mumbai University,2019
31,Patricia,Williams,patricia.williams31@example.com,956-801-2287x486,B.Tech,Pune University,2023
32,Angela,Walter,angela.walter32@example.com,+1-482-754-6456x064,BCA,BITS Pilani,2022
33,Christopher,Pineda,christopher.pineda33@example.com,033.741.4824,BBA,Delhi University,2023
34,Whitney,Hughes,whitney.hughes34@example.com,431.916.8731x5361,M.Sc,IIIT Delhi,2026
35,Carolyn,Welch,carolyn.welch35@example.com,+1-873-604-5066,B.E.,IIIT Delhi,2019
36,Brittany,Perez,brittany.perez36@example.com,+1-318-755-8124x7657,B.Tech,IIT Bombay,2019
37,Bruce,Curtis,bruce.curtis37@example.com,(479)256-2935,B.Sc,Delhi University,2022
38,Kevin,Hogan,kevin.hogan38@example.com,268.965.4411x8325,BCA,NIT Trichy,2018
39,Lori,Barnett,lori.barnett39@example.com,+1-724-788-2534x5589,B.Sc,Mumbai University,2025
40,Edward,Moses,edward.moses40@example.com,+1-586-271-9451x0238,M.Tech,Delhi University,2019
41,Randy,Clark,randy.clark41@example.com,001-630-800-3710x016,B.Tech,Mumbai University,2019
42,Elizabeth,Brown,elizabeth.brown42@example.com,+1-016-751-3344x172,BCA,BITS Pilani,2022
43,Meghan,Kelley,meghan.kelley43@example.com,303-756-4369,M.Tech,Mumbai University,2025
44,Christopher,Peterson,christopher.peterson44@example.com,+1-576-774-1667x12049,M.Sc,IIIT Delhi,2026
45,Kimberly,Mccullough,kimberly.mccullough45@example.com,269.904.6141x6420,M.Tech,Delhi University,2020
46,Larry,Cook,larry.cook46@example.com,+1-643-830-9052,B.E.,Mumbai University,2025
47,Jeremy,Wiggins,jeremy.wiggins47@example.com,001-781-280-9643,M.Sc,IIT Bombay,2026
48,Misty,Meadows,misty.meadows48@example.com,437.403.0895,M.Tech,VIIT,2026
49,Stephanie,Brown,stephanie.brown49@example.com,963-501-5157,M.Sc,VIIT,2024
50,Christina,Smith,christina.smith50@example.com,001-959-460-2100x04236,BCA,Mumbai University,2023
51,Claudia,King,claudia.king51@example.com,(321)476-1576,B.Sc,IIT Bombay,2019
52,Dean,Scott,dean.scott52@example.com,057-218-8525x20964,B.E.,Mumbai University,2026
53,Timothy,Lewis,timothy.lewis53@example.com,+1-897-900-2847,B.Sc,BITS Pilani,2018
54,Michael,Howard,michael.howard54@example.com,001-567-080-2424,M.Sc,IIT Bombay,2021
55,Joshua,Porter,joshua.porter55@example.com,+1-452-607-4574x0890,B.Tech,IIIT Delhi,2026
56,David,Kemp,david.kemp56@example.com,(864)542-8684,BBA,Pune University,2026
57,Sarah,Pierce,sarah.pierce57@example.com,5045126530,B.E.,BITS Pilani,2018
58,Emily,Walsh,emily.walsh58@example.com,(625)781-9701x525,B.E.,VIIT,2025
59,Michael,Salas,michael.salas59@example.com,+1-957-350-9613x46831,B.Tech,Mumbai University,2019
60,Kelly,Nguyen,kelly.nguyen60@example.com,200.704.2056x43736,M.Sc,Delhi University,2026
61,Stephanie,Day,stephanie.day61@example.com,479-508-4123,B.Tech,Delhi University,2022
62,Heidi,Rollins,heidi.rollins62@example.com,1407737082,B.Sc,Delhi University,2019
63,Mallory,Romero,mallory.romero63@example.com,+1-514-680-9602x11828,BCA,Delhi University,2019
64,Brian,Weaver,brian.weaver64@example.com,(675)959-0986x91108,M.Tech,Pune University,2018
65,Kurt,Pham,kurt.pham65@example.com,+1-344-598-5586,M.Sc,Pune University,2020
66,Kim,Hardin,kim.hardin66@example.com,(390)598-0306,B.Tech,IIIT Delhi,2021
67,Jennifer,Christensen,jennifer.christensen67@example.com,9317905649,B.Sc,Pune University,2023
68,Sandra,Miller,sandra.miller68@example.com,+1-199-720-3533x059,M.Sc,Pune University,2024
69,Jamie,Brooks,jamie.brooks69@example.com,998.185.9477,B.E.,Mumbai University,2018
70,Earl,Dixon,earl.dixon70@example.com,005.962.3081x1525,BBA,NIT Trichy,2023
71,Jose,Jones,jose.jones71@example.com,(756)994-7485x307,M.Tech,NIT Trichy,2021
72,Jason,Anderson,jason.anderson72@example.com,001-171-198-7535x4829,M.Sc,IIIT Delhi,2024
73,Mark,Munoz,mark.munoz73@example.com,(626)656-9364,BBA,NIT Trichy,2026
74,Andre,Murray,andre.murray74@example.com,(387)894-5609x547,BCA,Mumbai University,2021
75,Patricia,Knight,patricia.knight75@example.com,(507)680-9166,B.Sc,NIT Trichy,2018
76,Dawn,Avila,dawn.avila76@example.com,880-577-4011,B.E.,Pune University,2021
77,Michelle,Jordan,michelle.jordan77@example.com,(750)040-3357,BBA,Pune University,2020
78,Nancy,Douglas,nancy.douglas78@example.com,5945136798,BBA,Pune University,2025
79,Susan,Torres,susan.torres79@example.com,+1-107-138-2039x6349,B.Sc,IIT Bombay,2018
80,Angelica,Norris,angelica.norris80@example.com,214.726.0452x98048,B.Tech,Delhi University,2021
81,John,Ward,john.ward81@example.com,+1-115-400-7461x142,BCA,Pune University,2026
82,Samantha,Matthews,samantha.matthews82@example.com,6988742237,M.Tech,NIT Trichy,2025
83,Beth,Ochoa,beth.ochoa83@example.com,917.161.6215,B.Tech,BITS Pilani,2020
84,Anthony,White,anthony.white84@example.com,085-467-8752x79555,B.E.,BITS Pilani,2021
85,Carol,Payne,carol.payne85@example.com,(992)532-9276x400,B.Sc,NIT Trichy,2021
86,Eric,Fitzgerald,eric.fitzgerald86@example.com,240-924-8322x28585,BCA,BITS Pilani,2018
87,Nichole,Sandoval,nichole.sandoval87@example.com,723.131.9125x185,M.Tech,BITS Pilani,2026
88,Brittney,Barrera,brittney.barrera88@example.com,7234681701,M.Tech,Delhi University,2018
89,Kathryn,Shea,kathryn.shea89@example.com,289-162-4157x769,BBA,Delhi University,2018
90,Marie,Cooper,marie.cooper90@example.com,(973)363-9334x17651,BBA,BITS Pilani,2025
91,Cheyenne,Johnson,cheyenne.johnson91@example.com,+1-650-513-9707x890,M.Sc,VIIT,2018
92,Michael,Reeves,michael.reeves92@example.com,404-035-2439,M.Tech,Pune University,2023
93,Daniel,Warren,daniel.warren93@example.com,1971241131,BCA,IIIT Delhi,2019
94,Kara,Fowler,kara.fowler94@example.com,372-428-3316x48670,B.Sc,IIT Bombay,2024
95,Samantha,Reilly,samantha.reilly95@example.com,(460)930-5344x3921,B.E.,IIT Bombay,2019
96,Stephen,Lang,stephen.lang96@example.com,(975)681-9556x5250,B.E.,VIIT,2021
97,Bonnie,Nguyen,bonnie.nguyen97@example.com,481-339-7278x55243,B.Tech,Delhi University,2026
98,Timothy,Kaiser,timothy.kaiser98@example.com,9870949719,B.E.,Pune University,2024
99,Daniel,Foster,daniel.foster99@example.com,(141)217-1398x7216,B.Sc,BITS Pilani,2024
100,Todd,Washington,todd.washington100@example.com,122-884-9174,M.Sc,Delhi University,2018
101,Amanda,Vazquez,amanda.vazquez101@example.com,030-557-1281,B.E.,IIT Bombay,2020
102,Troy,Rice,troy.rice102@example.com,304-216-8592x471,BBA,Delhi University,2025
103,James,Garcia,james.garcia103@example.com,2347327426,M.Tech,NIT Trichy,2024
104,Keith,Brown,keith.brown104@example.com,9072246769,B.Sc,Mumbai University,2026
105,Michele,Jensen,michele.jensen105@example.com,(666)207-7287x62410,BCA,BITS Pilani,2020
106,Jocelyn,Cox,jocelyn.cox106@example.com,+1-334-623-1566x076,BBA,BITS Pilani,2025
107,William,Juarez,william.juarez107@example.com,(138)417-0060x13474,M.Tech,IIT Bombay,2025
108,Karen,Horn,karen.horn108@example.com,+1-878-671-3983x215,BCA,Delhi University,2025
109,Adrian,Smith,adrian.smith109@example.com,168.287.2091x661,M.Tech,Delhi University,2022
110,Paul,Cooper,paul.cooper110@example.com,018.918.8324x4576,B.Tech,VIIT,2023
111,Emma,Garza,emma.garza111@example.com,+1-167-475-2655x73399,B.Tech,IIIT Delhi,2025
112,Jesse,Mcguire,jesse.mcguire112@example.com,590.919.9535x2221,B.Tech,IIIT Delhi,2021
113,Joseph,Hart,joseph.hart113@example.com,(112)752-2424,BBA,NIT Trichy,2024
114,Anthony,Leblanc,anthony.leblanc114@example.com,634.091.1020x97789,BBA,VIIT,2019
115,Diamond,Fitzgerald,diamond.fitzgerald115@example.com,(811)595-5045,BCA,VIIT,2026
116,Ashley,Mills,ashley.mills116@example.com,+1-881-603-3744x705,M.Tech,IIIT Delhi,2023
117,Mark,Lowe,mark.lowe117@example.com,567.135.3699,BBA,BITS Pilani,2024
118,Justin,Williams,justin.williams118@example.com,117-554-1859x292,B.Tech,Delhi University,2025
119,Michael,Daniels,michael.daniels119@example.com,001-694-464-0497x53867,B.Tech,Pune University,2023
120,Sara,Mitchell,sara.mitchell120@example.com,0615027375,B.Tech,BITS Pilani,2021
121,Nicholas,Hughes,nicholas.hughes121@example.com,001-459-726-9441,B.E.,Mumbai University,2021
122,Robert,Kerr,robert.kerr122@example.com,584-050-4655x617,BCA,IIIT Delhi,2020
123,Timothy,Anderson,timothy.anderson123@example.com,001-843-548-7907x2081,BBA,IIT Bombay,2021
124,Kevin,Jones,kevin.jones124@example.com,885-135-4596x230,M.Tech,Mumbai University,2020
125,Karen,Dickson,karen.dickson125@example.com,(298)233-5789,B.Tech,NIT Trichy,2019
126,Jeffrey,Sampson,jeffrey.sampson126@example.com,001-001-968-2572x954,B.Tech,Pune University,2023
127,Jessica,Patel,jessica.patel127@example.com,001-988-513-7114,BCA,IIT Bombay,2026
128,Jeffrey,Moore,jeffrey.moore128@example.com,265-384-9119,M.Sc,IIIT Delhi,2019
129,William,Banks,william.banks129@example.com,001-172-426-9130x1717,BBA,IIIT Delhi,2018
130,Edward,Lee,edward.lee130@example.com,778.265.4895,B.Tech,IIIT Delhi,2020
131,Rachel,Fischer,rachel.fischer131@example.com,+1-135-068-1550x3900,M.Tech,BITS Pilani,2018
132,Adrienne,Gonzalez,adrienne.gonzalez132@example.com,(004)292-0096,B.Tech,Delhi University,2019
133,Kelly,Baker,kelly.baker133@example.com,001-222-566-9262,BCA,IIIT Delhi,2020
134,Stephen,Thompson,stephen.thompson134@example.com,623.119.3431x59220,BBA,BITS Pilani,2024
135,Michael,Mcdonald,michael.mcdonald135@example.com,001-284-057-0436,B.Tech,BITS Pilani,2025
136,Kevin,Jones,kevin.jones136@example.com,001-013-241-0760x933,B.Tech,IIT Bombay,2021
137,Rhonda,Banks,rhonda.banks137@example.com,845.546.6670,B.E.,Delhi University,2022
138,Daniel,Elliott,daniel.elliott138@example.com,001-917-544-0994x069,BCA,Delhi University,2023
139,Peggy,Tanner,peggy.tanner139@example.com,001-035-202-0159x34591,B.E.,VIIT,2022
140,Kristina,Harper,kristina.harper140@example.com,3076752045,B.Sc,Delhi University,2024
141,Latasha,Obrien,latasha.obrien141@example.com,3942115403,M.Tech,Delhi University,2020
142,Amy,Russell,amy.russell142@example.com,001-048-830-6399x083,M.Sc,Pune University,2025
143,Melissa,Delgado,melissa.delgado143@example.com,001-913-090-1899,M.Tech,Mumbai University,2024
144,Abigail,Hunt,abigail.hunt144@example.com,+1-965-918-2610x156,B.Sc,BITS Pilani,2018
145,Jamie,Mcdonald,jamie.mcdonald145@example.com,440-443-5365,B.E.,BITS Pilani,2025
146,Bryce,Bird,bryce.bird146@example.com,926-103-2115,B.Sc,IIT Bombay,2026
147,David,Kane,david.kane147@example.com,041-022-2522x3513,BCA,NIT Trichy,2024
148,Laura,Allen,laura.allen148@example.com,+1-288-277-1255x88952,B.Tech,IIT Bombay,2022
149,Ruben,Ellis,ruben.ellis149@example.com,+1-689-639-2866,B.Tech,NIT Trichy,2021
150,Jacob,Chang,jacob.chang150@example.com,+1-253-205-1425x74667,B.Sc,IIT Bombay,2022
151,Michael,Torres,michael.torres151@example.com,392.497.0049x26817,BBA,BITS Pilani,2021
152,Kristin,Owens,kristin.owens152@example.com,+1-769-156-8349,B.E.,Pune University,2022
153,Cristian,Horn,cristian.horn153@example.com,+1-832-410-9837,B.Sc,VIIT,2023
154,Tracy,Rhodes,tracy.rhodes154@example.com,(106)187-0659x054,B.E.,NIT Trichy,2018
155,Jasmine,Smith,jasmine.smith155@example.com,+1-031-982-7105x4329,B.Sc,Pune University,2025
156,Jessica,Griffith,jessica.griffith156@example.com,7017224769,BCA,Mumbai University,2021
157,Monica,Norton,monica.norton157@example.com,923-362-0494x2948,B.Sc,VIIT,2022
158,James,Stanley,james.stanley158@example.com,185-738-3137x4557,M.Tech,VIIT,2023
159,Mary,Murphy,mary.murphy159@example.com,001-910-034-8356,BBA,IIT Bombay,2025
160,Joseph,Williams,joseph.williams160@example.com,001-371-592-1046x3164,BCA,Pune University,2018
161,Jacob,Miles,jacob.miles161@example.com,445-738-7622x526,BBA,Pune University,2024
162,David,Peterson,david.peterson162@example.com,001-201-036-7657,BBA,NIT Trichy,2020
163,Margaret,Zamora,margaret.zamora163@example.com,7396413481,M.Tech,IIT Bombay,2023
164,Leslie,Wolfe,leslie.wolfe164@example.com,734.158.2692,B.E.,Delhi University,2025
165,Kathryn,Pope,kathryn.pope165@example.com,933.232.6447x58212,B.Tech,Mumbai University,2024
166,Brandon,Keller,brandon.keller166@example.com,855-937-5236x1890,B.Tech,VIIT,2018
167,Diana,Hess,diana.hess167@example.com,738-610-1245,M.Tech,Delhi University,2025
168,Barbara,Burns,barbara.burns168@example.com,+1-829-845-2245x999,BBA,VIIT,2026
169,Alison,Pierce,alison.pierce169@example.com,667-887-9857x96834,B.E.,Delhi University,2018
170,John,Leonard,john.leonard170@example.com,1223801955,M.Sc,VIIT,2021
171,Andrew,Vazquez,andrew.vazquez171@example.com,(616)387-8074x39372,BBA,BITS Pilani,2018
172,Andrew,Kramer,andrew.kramer172@example.com,338-169-3856x9593,BCA,IIIT Delhi,2018
173,Amanda,Holmes,amanda.holmes173@example.com,+1-591-859-8405,BBA,Pune University,2021
174,Tyler,Adams,tyler.adams174@example.com,001-257-981-4961x958,BCA,BITS Pilani,2019
175,Frank,Gomez,frank.gomez175@example.com,168-408-4220x616,B.Tech,Mumbai University,2026
176,Paul,Miller,paul.miller176@example.com,+1-291-204-2375x795,M.Tech,IIIT Delhi,2026
177,Tristan,Daniels,tristan.daniels177@example.com,+1-561-031-2718,B.Tech,VIIT,2023
178,Michael,Washington,michael.washington178@example.com,(146)298-2265x48900,B.Sc,VIIT,2024
179,Kelly,Perez,kelly.perez179@example.com,001-909-951-9252x7636,M.Tech,BITS Pilani,2019
180,Brian,Zimmerman,brian.zimmerman180@example.com,(007)459-0367x6335,B.Tech,Pune University,2022
181,Eric,Lara,eric.lara181@example.com,9218675258,M.Tech,Pune University,2021
182,Christian,Brown,christian.brown182@example.com,7200519381,B.Sc,BITS Pilani,2024
183,Steven,Thompson,steven.thompson183@example.com,089.498.3697x945,BBA,IIT Bombay,2018
184,Stephanie,Forbes,stephanie.forbes184@example.com,(066)652-2378x085,M.Tech,IIIT Delhi,2024
185,Sarah,Harrell,sarah.harrell185@example.com,+1-033-490-0904x9504,BCA,VIIT,2020
186,Rachel,Baird,rachel.baird186@example.com,(528)704-8421x4569,M.Sc,NIT Trichy,2024
187,Wendy,Mahoney,wendy.mahoney187@example.com,721.840.2397x25824,BBA,VIIT,2024
188,Cody,Ramos,cody.ramos188@example.com,704-528-8238,B.Tech,Pune University,2026
189,Tiffany,Johnson,tiffany.johnson189@example.com,7888359523,B.Tech,IIIT Delhi,2021
190,Eric,Flores,eric.flores190@example.com,285.262.8002,M.Tech,NIT Trichy,2021
191,Christina,Johnson,christina.johnson191@example.com,001-867-502-1881x050,BCA,BITS Pilani,2026
192,Derek,Douglas,derek.douglas192@example.com,577-529-0908x314,BCA,Delhi University,2021
193,Kevin,Campbell,kevin.campbell193@example.com,001-959-019-4454x0876,B.Sc,NIT Trichy,2021
194,Erica,Walsh,erica.walsh194@example.com,2549574492,M.Sc,IIIT Delhi,2022
195,Katherine,Stanley,katherine.stanley195@example.com,7750777294,M.Sc,IIIT Delhi,2025
196,Monica,Nelson,monica.nelson196@example.com,+1-649-739-7612x6125,M.Tech,Pune University,2022
197,Anthony,Taylor,anthony.taylor197@example.com,001-672-204-5201x852,BCA,NIT Trichy,2022
198,Shannon,Short,shannon.short198@example.com,575.073.8744,M.Sc,Mumbai University,2021
199,Mark,Cochran,mark.cochran199@example.com,908.400.5962,B.Sc,Delhi University,2019
200,Colton,Stokes,colton.stokes200@example.com,+1-379-117-0926x3859,M.Tech,IIIT Delhi,2024
201,Michael,Perry,michael.perry201@example.com,(348)222-9139x66740,M.Sc,Delhi University,2026
202,Christina,Rodriguez,christina.rodriguez202@example.com,655.132.3244x151,BBA,Mumbai University,2023
203,Jill,Bentley,jill.bentley203@example.com,+1-973-611-9323x96597,B.Tech,VIIT,2018
204,Ryan,Richards,ryan.richards204@example.com,001-313-682-9737x273,B.Sc,Pune University,2018
205,Daniel,Mcgrath,daniel.mcgrath205@example.com,001-241-353-6601x5490,B.Sc,VIIT,2026
206,James,Johnson,james.johnson206@example.com,(489)816-2511x675,B.Tech,IIT Bombay,2019
207,Summer,Holmes,summer.holmes207@example.com,001-912-354-7020x3109,B.Tech,VIIT,2025
208,Erin,Weber,erin.weber208@example.com,426-048-3353,B.Sc,NIT Trichy,2021
209,Karen,Horton,karen.horton209@example.com,(174)618-2805x64359,BBA,IIIT Delhi,2025
210,Steven,Morgan,steven.morgan210@example.com,519.366.4394x032,M.Tech,NIT Trichy,2018
211,Jason,Bond,jason.bond211@example.com,044-987-6866x7897,M.Tech,IIT Bombay,2020
212,Alicia,Chapman,alicia.chapman212@example.com,(147)598-3140x491,M.Sc,NIT Trichy,2018
213,Ronald,Stevens,ronald.stevens213@example.com,001-819-078-2193x3949,B.Sc,VIIT,2026
214,Antonio,Johnson,antonio.johnson214@example.com,001-771-359-5399,M.Sc,IIIT Delhi,2019
215,John,Stevens,john.stevens215@example.com,758-574-7754x5266,BBA,IIT Bombay,2018
216,Matthew,Anderson,matthew.anderson216@example.com,157.633.4887x53930,BCA,Pune University,2020
217,Rebecca,Chung,rebecca.chung217@example.com,(274)924-8834,M.Sc,IIT Bombay,2020
218,Joshua,Aguilar,joshua.aguilar218@example.com,+1-201-455-8453x517,B.Tech,Mumbai University,2026
219,Keith,Rodriguez,keith.rodriguez219@example.com,366.519.2931,B.Sc,Delhi University,2023
220,Tammy,Copeland,tammy.copeland220@example.com,847-543-3207x77567,B.Tech,IIIT Delhi,2022
221,Jeremy,Chavez,jeremy.chavez221@example.com,065.375.8519x194,B.Tech,Delhi University,2018
222,Robert,Macdonald,robert.macdonald222@example.com,(305)021-9196x6342,B.Tech,Delhi University,2018
223,Robin,Hodge,robin.hodge223@example.com,163-571-9813x156,B.Tech,VIIT,2018
224,Timothy,Bautista,timothy.bautista224@example.com,(756)165-2037,M.Sc,IIT Bombay,2018
225,Nathan,Jackson,nathan.jackson225@example.com,0974477645,BBA,IIT Bombay,2026
226,Jacob,Lawrence,jacob.lawrence226@example.com,+1-235-255-2211x4841,M.Tech,BITS Pilani,2025
227,Julie,Rowe,julie.rowe227@example.com,(439)360-7211x8836,B.E.,Delhi University,2020
228,David,Warren,david.warren228@example.com,126.810.2692,B.E.,Pune University,2018
229,David,Davis,david.davis229@example.com,767-455-2144x1594,B.Sc,Pune University,2021
230,Anthony,Bryant,anthony.bryant230@example.com,219-317-3984,M.Tech,IIT Bombay,2019
231,Christina,Jenkins,christina.jenkins231@example.com,001-267-076-0537x2041,BCA,NIT Trichy,2024
232,Erika,Ross,erika.ross232@example.com,001-732-290-2894x38094,M.Tech,IIT Bombay,2020
233,Kristin,Fleming,kristin.fleming233@example.com,001-563-292-4500,BBA,Delhi University,2023
234,Jessica,Benson,jessica.benson234@example.com,+1-961-091-5059x1687,B.E.,VIIT,2019
235,Tammie,Alvarado,tammie.alvarado235@example.com,+1-602-103-9509x921,B.E.,Delhi University,2025
236,William,Morris,william.morris236@example.com,131-010-4094x8324,M.Sc,IIIT Delhi,2025
237,Jennifer,Jackson,jennifer.jackson237@example.com,058-720-0578,BBA,Delhi University,2021
238,Desiree,Snow,desiree.snow238@example.com,001-193-015-3637x71833,B.Sc,Delhi University,2019
239,Paul,Warren,paul.warren239@example.com,290.138.6511,BBA,BITS Pilani,2022
240,Travis,Smith,travis.smith240@example.com,927.218.3096x86048,BCA,Mumbai University,2019
241,Jason,Hopkins,jason.hopkins241@example.com,(630)517-3063,BBA,Pune University,2022
242,Natalie,Burke,natalie.burke242@example.com,(210)181-8959,B.E.,VIIT,2020
243,Jacob,Rosales,jacob.rosales243@example.com,001-618-670-8390,BCA,Delhi University,2026
244,Mark,Kennedy,mark.kennedy244@example.com,(130)346-4864,BCA,Pune University,2025
245,Victoria,Cross,victoria.cross245@example.com,174.113.1766x697,BCA,Mumbai University,2022
246,Andrew,Hardy,andrew.hardy246@example.com,295-853-9009x306,B.Tech,Mumbai University,2025
247,Tanya,Hood,tanya.hood247@example.com,392.092.6895,B.E.,Mumbai University,2018
248,Lauren,Anderson,lauren.anderson248@example.com,619.831.8657x4331,BBA,NIT Trichy,2021
249,Kevin,Lloyd,kevin.lloyd249@example.com,001-859-459-9832,B.Tech,IIIT Delhi,2018
250,Jay,Strong,jay.strong250@example.com,001-915-967-8272,BBA,IIIT Delhi,2023
251,Zachary,May,zachary.may251@example.com,626.453.7375,B.E.,Mumbai University,2025
252,Sophia,Hunt,sophia.hunt252@example.com,+1-731-200-3599,BCA,Mumbai University,2022
253,Jennifer,Perez,jennifer.perez253@example.com,942.448.4122x19759,BCA,Pune University,2019
254,Nicole,Chambers,nicole.chambers254@example.com,(315)777-4017,B.Sc,VIIT,2024
255,Blake,Williams,blake.williams255@example.com,435-371-0938x794,B.E.,Mumbai University,2020
256,Brittany,Willis,brittany.willis256@example.com,001-870-325-8433x676,M.Tech,IIT Bombay,2018
257,Bridget,Murray,bridget.murray257@example.com,721.865.6701,B.E.,IIT Bombay,2026
258,Jason,Perry,jason.perry258@example.com,466.883.3592,BCA,IIIT Delhi,2018
259,Carolyn,Jones,carolyn.jones259@example.com,136.807.5948x165,BBA,VIIT,2026
260,Zachary,Quinn,zachary.quinn260@example.com,989.343.6784x163,M.Tech,IIT Bombay,2024
261,Charles,Herring,charles.herring261@example.com,735-216-6519x6568,BBA,IIT Bombay,2020
262,Mary,Hart,mary.hart262@example.com,722.311.1712,M.Sc,NIT Trichy,2025
263,Alan,Cooper,alan.cooper263@example.com,(005)582-6065,BCA,IIIT Delhi,2023
264,Riley,Anderson,riley.anderson264@example.com,701-827-9036x0141,M.Sc,BITS Pilani,2019
265,Amanda,Miller,amanda.miller265@example.com,1314147329,M.Tech,BITS Pilani,2018
266,Felicia,Allen,felicia.allen266@example.com,(713)280-0515x7288,B.Tech,VIIT,2020
267,Brandon,Williams,brandon.williams267@example.com,+1-844-745-7858,BBA,Pune University,2020
268,Jennifer,Cherry,jennifer.cherry268@example.com,479.165.5722x5546,B.Tech,VIIT,2024
269,Mary,Moss,mary.moss269@example.com,855-607-8091x677,M.Sc,Pune University,2020
270,Shelley,Valdez,shelley.valdez270@example.com,+1-399-126-8513x253,M.Sc,Mumbai University,2022
271,Kimberly,Pena,kimberly.pena271@example.com,001-681-240-5569,M.Tech,NIT Trichy,2021
272,Jill,Juarez,jill.juarez272@example.com,001-174-603-1210x775,B.Tech,Mumbai University,2026
273,Stacey,Huffman,stacey.huffman273@example.com,025-988-3506x1178,BCA,IIIT Delhi,2021
274,Richard,Moss,richard.moss274@example.com,882-909-6506,M.Sc,Delhi University,2025
275,Emily,Smith,emily.smith275@example.com,001-065-659-7289x7687,M.Sc,Mumbai University,2022
276,Jason,Rhodes,jason.rhodes276@example.com,019-952-8617x3091,B.Tech,IIIT Delhi,2024
277,Ellen,Anderson,ellen.anderson277@example.com,9962543801,M.Tech,NIT Trichy,2024
278,Aaron,Ross,aaron.ross278@example.com,+1-755-447-6395x67664,M.Sc,IIIT Delhi,2019
279,Laura,Taylor,laura.taylor279@example.com,586.348.2635x8471,B.Sc,VIIT,2021
280,Drew,Powell,drew.powell280@example.com,+1-241-359-5897,B.E.,IIT Bombay,2024
281,Darren,Young,darren.young281@example.com,(551)907-7591,B.Sc,IIT Bombay,2022
282,Bruce,Watkins,bruce.watkins282@example.com,516-345-7776,BCA,IIT Bombay,2018
283,Melissa,Jacobson,melissa.jacobson283@example.com,+1-621-637-1705,M.Tech,IIT Bombay,2019
284,Eric,Turner,eric.turner284@example.com,+1-845-397-2550x120,B.E.,IIIT Delhi,2023
285,Anne,Robinson,anne.robinson285@example.com,(496)566-6020x1783,BCA,Mumbai University,2024
286,Michelle,Gilbert,michelle.gilbert286@example.com,001-993-048-9304x17239,BBA,IIIT Delhi,2024
287,Randall,Bowen,randall.bowen287@example.com,001-625-167-1181x0021,BCA,Mumbai University,2018
288,Paul,Price,paul.price288@example.com,948.416.6087,B.E.,Mumbai University,2022
289,Christopher,Tran,christopher.tran289@example.com,(633)330-2481x15584,M.Tech,Delhi University,2020
290,William,Davies,william.davies290@example.com,001-971-212-8148x7343,B.Tech,BITS Pilani,2021
291,Derek,Reed,derek.reed291@example.com,075.910.1747x6734,B.Tech,BITS Pilani,2023
292,Gregory,Shields,gregory.shields292@example.com,001-582-977-9045x179,B.E.,Mumbai University,2026
293,Jennifer,Rodriguez,jennifer.rodriguez293@example.com,248.070.4402,B.Tech,Delhi University,2018
294,Deborah,Davis,deborah.davis294@example.com,(602)883-1181x59170,M.Sc,Pune University,2021
295,Paula,Miller,paula.miller295@example.com,934.568.9148x40524,BCA,Pune University,2026
296,Craig,Gonzalez,craig.gonzalez296@example.com,+1-380-860-8277x48705,M.Sc,NIT Trichy,2021
297,Patricia,Wells,patricia.wells297@example.com,(637)900-2906,M.Sc,BITS Pilani,2025
298,Lauren,Lee,lauren.lee298@example.com,100.936.2470x8837,M.Tech,Mumbai University,2019
299,Robert,Scott,robert.scott299@example.com,650.111.6269,M.Tech,IIT Bombay,2018
300,Todd,Jackson,todd.jackson300@example.com,404-971-5957x37457,M.Tech,Mumbai University,2018
301,Timothy,Haley,timothy.haley301@example.com,123.374.5141x3103,BBA,Delhi University,2021
302,Shawn,Cunningham,shawn.cunningham302@example.com,073.712.1709x232,B.Sc,IIT Bombay,2018
303,Lance,Davis,lance.davis303@example.com,020.513.8096,BCA,BITS Pilani,2021
304,Howard,Mills,howard.mills304@example.com,904-347-1732x64316,B.Sc,NIT Trichy,2020
305,Dawn,Bradshaw,dawn.bradshaw305@example.com,224-533-4369,BCA,Mumbai University,2021
306,Cassandra,Abbott,cassandra.abbott306@example.com,(933)174-7659,M.Sc,VIIT,2018
307,Antonio,Greer,antonio.greer307@example.com,001-701-992-4492x475,BCA,BITS Pilani,2018
308,Pamela,Barber,pamela.barber308@example.com,001-187-826-0992x3961,B.Sc,IIIT Delhi,2019
309,Jack,Cameron,jack.cameron309@example.com,746-838-2039x7136,B.Tech,BITS Pilani,2021
310,John,Schmidt,john.schmidt310@example.com,470.054.2446,BCA,Delhi University,2026
311,Robert,Williams,robert.williams311@example.com,667.025.3434x106,BCA,Pune University,2024
312,Kenneth,Johnson,kenneth.johnson312@example.com,001-305-772-5032x02713,BCA,NIT Trichy,2022
313,Daniel,Ford,daniel.ford313@example.com,5081960579,BBA,Pune University,2021
314,Alicia,Walker,alicia.walker314@example.com,592.899.7920x67832,BBA,BITS Pilani,2022
315,Jon,Robertson,jon.robertson315@example.com,415.322.0224,B.E.,Delhi University,2018
316,Jennifer,Lee,jennifer.lee316@example.com,9806098303,M.Sc,VIIT,2024
317,Michelle,Mccormick,michelle.mccormick317@example.com,001-538-138-2401x56390,BBA,IIIT Delhi,2023
318,Kevin,Powers,kevin.powers318@example.com,629-767-6307,B.E.,NIT Trichy,2019
319,Brittany,Frazier,brittany.frazier319@example.com,001-354-457-2700x4366,B.Sc,IIT Bombay,2021
320,Mark,Sullivan,mark.sullivan320@example.com,179.426.2355x60875,M.Sc,Pune University,2021
321,Rhonda,Anderson,rhonda.anderson321@example.com,5971461451,M.Tech,NIT Trichy,2022
322,Danny,Andrews,danny.andrews322@example.com,521-168-9633x32108,B.Sc,VIIT,2022
323,Lori,Henderson,lori.henderson323@example.com,443.462.0857,M.Tech,IIT Bombay,2019
324,Sarah,Williams,sarah.williams324@example.com,120-346-5428x2087,BCA,Pune University,2021
325,Steven,Neal,steven.neal325@example.com,2459557571,M.Tech,IIIT Delhi,2026
326,Ashley,Lee,ashley.lee326@example.com,001-297-652-4030x4608,B.E.,NIT Trichy,2018
327,Kelly,Brown,kelly.brown327@example.com,475.862.7805,B.Sc,Delhi University,2025
328,Jermaine,Gaines,jermaine.gaines328@example.com,986-900-9639,BCA,VIIT,2022
329,Francis,Conner,francis.conner329@example.com,+1-874-835-4485x070,B.Sc,BITS Pilani,2023
330,Michael,Reeves,michael.reeves330@example.com,(147)085-1524x549,BCA,VIIT,2021
331,Monica,Allen,monica.allen331@example.com,486-134-4182x873,B.Sc,Mumbai University,2018
332,Norma,Vasquez,norma.vasquez332@example.com,630.678.9693x3779,B.Sc,Delhi University,2018
333,Ashley,Rivera,ashley.rivera333@example.com,001-443-993-6605x6268,M.Sc,Mumbai University,2020
334,Juan,Reid,juan.reid334@example.com,001-160-929-0240,B.E.,VIIT,2025
335,Laura,Deleon,laura.deleon335@example.com,+1-377-722-2050x8359,BCA,NIT Trichy,2018
336,Joshua,Wolf,joshua.wolf336@example.com,9757129250,BCA,NIT Trichy,2025
337,Kayla,Lynch,kayla.lynch337@example.com,+1-576-226-2580x375,B.Sc,NIT Trichy,2023
338,Clayton,Perry,clayton.perry338@example.com,841.717.1565x908,B.Sc,Pune University,2021
339,Brenda,Tate,brenda.tate339@example.com,+1-984-612-4243x04256,B.Tech,BITS Pilani,2024
340,Amber,Patterson,amber.patterson340@example.com,872-647-5175x96116,BBA,IIT Bombay,2021
341,Angela,Jensen,angela.jensen341@example.com,001-886-871-1497x8926,B.E.,Mumbai University,2020
342,Monica,Pierce,monica.pierce342@example.com,883.032.5398,B.Tech,IIT Bombay,2024
343,Kyle,Parks,kyle.parks343@example.com,(507)655-3790x962,M.Sc,Delhi University,2021
344,Randy,Hall,randy.hall344@example.com,001-404-139-1672x61082,M.Sc,IIIT Delhi,2022
345,Kenneth,Taylor,kenneth.taylor345@example.com,+1-301-792-8550,B.Tech,IIIT Delhi,2022
346,Stephen,Bailey,stephen.bailey346@example.com,704-352-4202x90384,B.Tech,IIIT Delhi,2024
347,Luis,Hampton,luis.hampton347@example.com,(906)762-7673,BBA,VIIT,2018
348,Derrick,Carson,derrick.carson348@example.com,901.871.9741x52512,B.Sc,VIIT,2018
349,Diane,Gonzalez,diane.gonzalez349@example.com,+1-147-095-4792x910,B.Tech,IIIT Delhi,2025
350,Debbie,Martinez,debbie.martinez350@example.com,(522)857-3783x3571,B.E.,VIIT,2023
351,Elizabeth,Garcia,elizabeth.garcia351@example.com,234.237.2312x4366,M.Tech,Pune University,2021
352,Cory,Wyatt,cory.wyatt352@example.com,(276)178-1627,B.Tech,Delhi University,2018
353,Tanya,Jensen,tanya.jensen353@example.com,6674052156,BCA,IIT Bombay,2023
354,Kevin,Andrews,kevin.andrews354@example.com,540.731.8259,B.Sc,BITS Pilani,2018
355,Raymond,Fields,raymond.fields355@example.com,(980)903-6564x73429,B.E.,IIT Bombay,2023
356,Justin,Robbins,justin.robbins356@example.com,(491)208-4546,B.Sc,Pune University,2019
357,Jody,Li,jody.li357@example.com,936.753.6196,M.Sc,Mumbai University,2026
358,Mark,Martin,mark.martin358@example.com,(309)558-6546x8254,M.Sc,Mumbai University,2022
359,Fernando,Williams,fernando.williams359@example.com,(786)646-9926,M.Sc,Pune University,2026
360,Helen,Smith,helen.smith360@example.com,+1-706-803-4276x083,BBA,NIT Trichy,2023
361,Amanda,Sutton,amanda.sutton361@example.com,001-654-963-8956,B.E.,Mumbai University,2025
362,Gary,Reid,gary.reid362@example.com,654-529-6813,B.Sc,IIIT Delhi,2019
363,Lauren,Reed,lauren.reed363@example.com,001-593-414-6264,BCA,IIT Bombay,2024
364,Jacqueline,Good,jacqueline.good364@example.com,349.744.9058x60892,BCA,Delhi University,2019
365,Daniel,Lynch,daniel.lynch365@example.com,(872)716-1776,BCA,BITS Pilani,2024
366,Tyler,Collins,tyler.collins366@example.com,771.611.5060x181,B.Sc,IIT Bombay,2019
367,Dawn,Mooney,dawn.mooney367@example.com,001-447-698-9608x87730,M.Tech,IIT Bombay,2025
368,John,Stevens,john.stevens368@example.com,941-682-7960x563,B.Tech,NIT Trichy,2023
369,Ronnie,Collins,ronnie.collins369@example.com,(282)615-0830,B.E.,Pune University,2020
370,Judith,Mayo,judith.mayo370@example.com,(974)360-5093x63360,B.Tech,VIIT,2022
371,Rachel,Massey,rachel.massey371@example.com,001-507-554-0304x3229,M.Sc,Mumbai University,2025
372,Warren,Allen,warren.allen372@example.com,(134)483-7813,B.Sc,Pune University,2023
373,Sandra,Valdez,sandra.valdez373@example.com,001-516-848-5172x84738,B.Tech,BITS Pilani,2022
374,Natasha,Baker,natasha.baker374@example.com,(039)406-4271x449,BCA,Mumbai University,2018
375,Destiny,Nichols,destiny.nichols375@example.com,567.941.6259x033,BCA,VIIT,2025
376,Glen,Steele,glen.steele376@example.com,+1-376-523-3627,B.Sc,VIIT,2021
377,James,Miller,james.miller377@example.com,287.880.7327,M.Sc,Delhi University,2021
378,Isaiah,Taylor,isaiah.taylor378@example.com,344-600-9958x547,BCA,BITS Pilani,2019
379,Tyler,Wright,tyler.wright379@example.com,+1-486-312-3348x359,BBA,NIT Trichy,2025
380,Kevin,Strickland,kevin.strickland380@example.com,0425084954,BBA,VIIT,2026
381,Laura,Santos,laura.santos381@example.com,123.273.2311x702,B.Tech,Mumbai University,2025
382,Michael,Conrad,michael.conrad382@example.com,(211)399-7370x73207,B.E.,Pune University,2022
383,Ashley,Perry,ashley.perry383@example.com,249-252-1948x663,B.Tech,BITS Pilani,2024
384,Thomas,Smith,thomas.smith384@example.com,517.389.1095,M.Sc,VIIT,2019
385,Stephen,Chen,stephen.chen385@example.com,+1-393-208-5212x79681,M.Sc,IIIT Delhi,2026
386,Daniel,Cobb,daniel.cobb386@example.com,419-108-8019,B.Tech,NIT Trichy,2021
387,Thomas,Garcia,thomas.garcia387@example.com,449-722-4685,M.Tech,NIT Trichy,2024
388,John,Sutton,john.sutton388@example.com,001-592-505-1040x020,B.Sc,Pune University,2021
389,Frank,Miller,frank.miller389@example.com,484-619-6982,B.Sc,BITS Pilani,2023
390,David,Rodriguez,david.rodriguez390@example.com,001-761-865-3073x92332,BCA,Pune University,2021
391,Brenda,Bond,brenda.bond391@example.com,093-106-8752,B.E.,IIIT Delhi,2024
392,Nicole,Joseph,nicole.joseph392@example.com,662-974-9851x3808,BBA,NIT Trichy,2019
393,Michael,Moore,michael.moore393@example.com,7241218014,BBA,IIIT Delhi,2023
394,Bill,Banks,bill.banks394@example.com,614-121-2694x65060,BBA,IIT Bombay,2019
395,Phyllis,Kelly,phyllis.kelly395@example.com,+1-744-480-9758x715,B.Sc,VIIT,2021
396,Michael,Hart,michael.hart396@example.com,5095177527,B.Sc,Pune University,2018
397,Sara,Singleton,sara.singleton397@example.com,0095925368,BBA,IIIT Delhi,2019
398,David,Peterson,david.peterson398@example.com,001-874-548-8126x5519,B.Tech,IIIT Delhi,2019
399,Michael,Love,michael.love399@example.com,(311)973-2961x8792,B.Sc,Mumbai University,2023
400,Kylie,Pena,kylie.pena400@example.com,+1-959-266-3827x6116,M.Sc,VIIT,2019
401,Louis,Huynh,louis.huynh401@example.com,+1-641-833-1098x03870,M.Tech,Pune University,2024
402,Charles,Fernandez,charles.fernandez402@example.com,432-666-0680x81509,BBA,Mumbai University,2021
403,Robert,White,robert.white403@example.com,(374)731-7327x530,BCA,VIIT,2019
404,Dustin,Jackson,dustin.jackson404@example.com,001-360-351-3411x3286,M.Sc,NIT Trichy,2018
405,Amy,Johnson,amy.johnson405@example.com,(713)037-1512x946,M.Tech,IIIT Delhi,2018
406,Cheyenne,Castillo,cheyenne.castillo406@example.com,533.379.4877,BBA,NIT Trichy,2019
407,Marisa,Rowland,marisa.rowland407@example.com,3185216821,M.Sc,Mumbai University,2018
408,Penny,Welch,penny.welch408@example.com,(163)526-3568,M.Sc,NIT Trichy,2020
409,Antonio,Rojas,antonio.rojas409@example.com,979.242.9573,M.Sc,Mumbai University,2021
410,Richard,Gonzalez,richard.gonzalez410@example.com,209.898.3202,M.Sc,IIT Bombay,2026
411,Brian,Thornton,brian.thornton411@example.com,469.512.2142x372,BBA,Pune University,2021
412,Jerome,Martinez,jerome.martinez412@example.com,580.591.6268x100,BBA,Mumbai University,2019
413,Kirk,Barber,kirk.barber413@example.com,043-355-8405,M.Tech,Pune University,2022
414,Laura,Alvarez,laura.alvarez414@example.com,(868)434-8144,M.Tech,VIIT,2024
415,Christian,Smith,christian.smith415@example.com,001-676-925-7015x5319,M.Sc,NIT Trichy,2025
416,Daniel,Campbell,daniel.campbell416@example.com,+1-754-176-7080x99740,B.Tech,BITS Pilani,2020
417,Jason,Horton,jason.horton417@example.com,134-682-1237x98533,BBA,Delhi University,2020
418,Amy,Palmer,amy.palmer418@example.com,001-724-357-1778x0858,B.E.,IIIT Delhi,2024
419,Edwin,Daniel,edwin.daniel419@example.com,962-125-0015x92048,M.Tech,Delhi University,2021
420,Jeffrey,Ryan,jeffrey.ryan420@example.com,693.098.5767,BBA,IIIT Delhi,2026
421,Matthew,Campbell,matthew.campbell421@example.com,851.942.3290x60932,M.Tech,IIT Bombay,2025
422,Ian,Ramos,ian.ramos422@example.com,001-026-503-8963,B.E.,BITS Pilani,2021
423,Danielle,Morris,danielle.morris423@example.com,(059)080-2836x020,M.Tech,VIIT,2023
424,Lynn,Murphy,lynn.murphy424@example.com,356.223.8615x59066,BBA,VIIT,2019
425,Shaun,Hicks,shaun.hicks425@example.com,(936)711-6630x286,B.Tech,Delhi University,2024
426,Michael,Carson,michael.carson426@example.com,+1-683-741-5702,BCA,Pune University,2026
427,Margaret,Holt,margaret.holt427@example.com,745-061-1712x492,M.Tech,IIIT Delhi,2019
428,Angel,Allison,angel.allison428@example.com,001-342-066-9680,M.Sc,NIT Trichy,2023
429,Tina,Williams,tina.williams429@example.com,+1-918-545-5300,M.Sc,Delhi University,2019
430,Vincent,Atkinson,vincent.atkinson430@example.com,+1-804-249-1821x949,B.Tech,VIIT,2020
431,David,Walker,david.walker431@example.com,842-219-6794x68227,M.Sc,NIT Trichy,2024
432,Joshua,Smith,joshua.smith432@example.com,050.165.0888,BBA,Pune University,2024
433,Whitney,Bowen,whitney.bowen433@example.com,+1-395-848-3336x87176,B.E.,IIT Bombay,2023
434,Martha,Webb,martha.webb434@example.com,610-182-5097,M.Tech,NIT Trichy,2021
435,Beth,Johnson,beth.johnson435@example.com,+1-466-974-9157x6139,BCA,IIT Bombay,2021
436,Kristen,Nelson,kristen.nelson436@example.com,6693726724,B.Tech,Delhi University,2018
437,Sharon,Kaiser,sharon.kaiser437@example.com,854.851.5927x1465,M.Tech,Mumbai University,2019
438,Kelly,Bridges,kelly.bridges438@example.com,+1-763-989-8301x902,M.Sc,Mumbai University,2024
439,Thomas,Gonzalez,thomas.gonzalez439@example.com,001-350-045-0716x744,B.Tech,VIIT,2019
440,Michael,Jones,michael.jones440@example.com,(254)695-7563x5023,BBA,Mumbai University,2021
441,Amanda,Knight,amanda.knight441@example.com,001-856-013-1221x17711,B.Tech,Pune University,2021
442,Brandon,Owens,brandon.owens442@example.com,001-534-410-0348,M.Sc,BITS Pilani,2023
443,Bryan,Lambert,bryan.lambert443@example.com,+1-409-895-0337x0575,BBA,Mumbai University,2024
444,Charles,Stevens,charles.stevens444@example.com,+1-244-415-7818x68832,B.Tech,IIT Bombay,2025
445,Theresa,Glenn,theresa.glenn445@example.com,825-465-6559,B.Tech,IIIT Delhi,2020
446,Daniel,Jensen,daniel.jensen446@example.com,3196825071,M.Sc,BITS Pilani,2020
447,Jeffrey,Turner,jeffrey.turner447@example.com,956.914.8000x56175,B.Tech,NIT Trichy,2019
448,Meagan,Parker,meagan.parker448@example.com,(879)374-8485x7172,M.Sc,Delhi University,2026
449,Heather,Wade,heather.wade449@example.com,+1-721-281-8797x6573,BCA,Delhi University,2024
450,Teresa,Powers,teresa.powers450@example.com,+1-963-182-5172x51197,BCA,Mumbai University,2020
451,Cindy,Garcia,cindy.garcia451@example.com,460.451.9508,B.E.,Delhi University,2019
452,Maria,Martinez,maria.martinez452@example.com,232.910.2083,M.Tech,NIT Trichy,2019
453,Tiffany,Oconnor,tiffany.oconnor453@example.com,+1-425-218-2902x07215,B.Sc,IIIT Delhi,2020
454,Patrick,Jones,patrick.jones454@example.com,588.450.4947,BCA,Delhi University,2021
455,Anne,Cooke,anne.cooke455@example.com,(569)185-8109x693,BBA,NIT Trichy,2022
456,Gary,Odom,gary.odom456@example.com,(731)350-2628,M.Sc,Mumbai University,2026
457,Deanna,Weaver,deanna.weaver457@example.com,+1-475-458-0551x246,BBA,Pune University,2019
458,Taylor,Carroll,taylor.carroll458@example.com,4685058050,B.Sc,VIIT,2026
459,Lisa,Jackson,lisa.jackson459@example.com,992.089.6420x35180,B.Tech,VIIT,2024
460,Erin,Riddle,erin.riddle460@example.com,856.355.3624x722,BBA,IIT Bombay,2023
461,Kelly,Castro,kelly.castro461@example.com,001-148-261-8261x72314,M.Sc,IIT Bombay,2019
462,Terri,Fitzpatrick,terri.fitzpatrick462@example.com,(481)446-5987x1671,B.Sc,IIIT Delhi,2019
463,Justin,Garza,justin.garza463@example.com,001-027-657-5690,B.Sc,IIIT Delhi,2019
464,Elijah,Meyer,elijah.meyer464@example.com,001-101-111-7229x673,B.E.,BITS Pilani,2019
465,Jason,Jennings,jason.jennings465@example.com,969-665-4539x1675,BCA,BITS Pilani,2018
466,Aaron,Reyes,aaron.reyes466@example.com,(598)587-1780x345,BBA,Delhi University,2020
467,Adam,Love,adam.love467@example.com,+1-204-865-4132x5308,B.Sc,Mumbai University,2018
468,Patrick,Robinson,patrick.robinson468@example.com,(083)756-4470x98307,B.Tech,Mumbai University,2026
469,John,Lang,john.lang469@example.com,(703)759-3845,BCA,IIT Bombay,2024
470,Todd,Andrews,todd.andrews470@example.com,+1-180-123-5053,B.Tech,Mumbai University,2023
471,Stacey,Wright,stacey.wright471@example.com,3566820472,M.Sc,NIT Trichy,2019
472,Randy,Gates,randy.gates472@example.com,+1-206-860-7171x73666,BBA,Pune University,2024
473,Hannah,Jackson,hannah.jackson473@example.com,842.396.7852x111,M.Tech,BITS Pilani,2020
474,Paula,Wilson,paula.wilson474@example.com,6204143602,BCA,BITS Pilani,2018
475,Jesse,Doyle,jesse.doyle475@example.com,+1-610-933-3617x6674,B.Sc,Mumbai University,2023
476,Travis,Mendoza,travis.mendoza476@example.com,(661)929-6785,B.Sc,NIT Trichy,2021
477,Leslie,Harris,leslie.harris477@example.com,001-572-300-6674x463,B.Tech,Mumbai University,2023
478,Dana,Garcia,dana.garcia478@example.com,(554)751-4368,BBA,Delhi University,2021
479,Nicholas,Lopez,nicholas.lopez479@example.com,+1-710-249-6057x775,B.E.,NIT Trichy,2026
480,Carl,Reed,carl.reed480@example.com,(631)407-9674,M.Tech,IIT Bombay,2020
481,Katherine,Guerra,katherine.guerra481@example.com,3712224214,BCA,BITS Pilani,2022
482,Bobby,Graham,bobby.graham482@example.com,641.304.9133x386,BCA,Mumbai University,2020
483,Sean,Lewis,sean.lewis483@example.com,001-420-421-0808x403,BBA,Pune University,2024
484,Nicholas,Solomon,nicholas.solomon484@example.com,353-851-6482x2803,BBA,Pune University,2020
485,Rebecca,Olson,rebecca.olson485@example.com,904-985-9018x9111,M.Sc,Mumbai University,2023
486,Robert,Chambers,robert.chambers486@example.com,+1-126-800-9350,BBA,IIT Bombay,2022
487,Jennifer,Taylor,jennifer.taylor487@example.com,001-421-026-6075x5936,B.Sc,IIIT Delhi,2018
488,Kaitlyn,Nixon,kaitlyn.nixon488@example.com,(818)755-0471,B.Tech,BITS Pilani,2025
489,Kim,Fisher,kim.fisher489@example.com,(286)505-5154x423,M.Tech,IIIT Delhi,2021
490,Lauren,Peterson,lauren.peterson490@example.com,015.593.7529x440,B.Tech,VIIT,2024
491,Lisa,Jones,lisa.jones491@example.com,562-175-6990x60974,B.Tech,Delhi University,2022
492,Alyssa,Zimmerman,alyssa.zimmerman492@example.com,421.659.7605,B.Sc,IIT Bombay,2026
493,Alexander,Lee,alexander.lee493@example.com,001-600-154-8521x8252,M.Tech,IIIT Delhi,2019
494,Victoria,Brown,victoria.brown494@example.com,+1-859-970-7788x0778,M.Tech,IIIT Delhi,2020
495,Brett,Long,brett.long495@example.com,183-224-1577x05802,B.E.,Pune University,2019
496,John,Morgan,john.morgan496@example.com,+1-712-129-8735x918,M.Sc,IIIT Delhi,2023
497,Adam,Hull,adam.hull497@example.com,(176)494-6733x4769,BCA,BITS Pilani,2020
498,Juan,Garcia,juan.garcia498@example.com,614.885.9462x34247,B.Tech,VIIT,2021
499,Ryan,Cooper,ryan.cooper499@example.com,159.592.3661x67453,M.Sc,VIIT,2019
500,Amber,Todd,amber.todd500@example.com,6584497111,BCA,BITS Pilani,2023
501,Aaron,Bender,aaron.bender501@example.com,+1-400-930-1740,B.E.,Mumbai University,2018
502,Danny,Malone,danny.malone502@example.com,820-827-7481,M.Tech,BITS Pilani,2021
503,Ryan,Wilson,ryan.wilson503@example.com,001-460-962-7192x34844,BCA,NIT Trichy,2018
504,Robert,Kelley,robert.kelley504@example.com,678.562.5038,B.Sc,VIIT,2019
505,Sherri,Ray,sherri.ray505@example.com,245.505.6397x70460,M.Sc,IIIT Delhi,2019
506,Billy,Cowan,billy.cowan506@example.com,0239308297,M.Sc,NIT Trichy,2022
507,Ernest,Jensen,ernest.jensen507@example.com,1074898529,BCA,IIT Bombay,2024
508,Jennifer,Carroll,jennifer.carroll508@example.com,(767)964-4802,B.E.,Mumbai University,2023
509,Victoria,Delgado,victoria.delgado509@example.com,886.105.8801x93863,B.Sc,IIT Bombay,2025
510,Keith,Gibbs,keith.gibbs510@example.com,(963)593-5091x948,B.E.,NIT Trichy,2023
511,Mackenzie,Johnson,mackenzie.johnson511@example.com,091.437.5254x19897,M.Sc,VIIT,2019
512,Sean,Carroll,sean.carroll512@example.com,(014)414-3229x822,M.Tech,Delhi University,2021
513,Michael,Turner,michael.turner513@example.com,(208)657-3559x81519,M.Sc,VIIT,2019
514,Ellen,Hill,ellen.hill514@example.com,001-474-116-1810,BCA,NIT Trichy,2026
515,Joseph,Diaz,joseph.diaz515@example.com,697-849-6580x092,B.Sc,Mumbai University,2025
516,Nancy,Peters,nancy.peters516@example.com,(408)890-2016,BCA,IIIT Delhi,2019
517,Emily,Hale,emily.hale517@example.com,6915282159,B.Tech,IIIT Delhi,2025
518,Jason,Thompson,jason.thompson518@example.com,(592)368-8403x089,B.Sc,IIIT Delhi,2025
519,Christopher,Davis,christopher.davis519@example.com,001-989-221-1416,BCA,IIIT Delhi,2023
520,Christopher,Cardenas,christopher.cardenas520@example.com,001-386-801-9618x1071,BBA,NIT Trichy,2018
521,Patrick,Tucker,patrick.tucker521@example.com,653-918-4176x0136,M.Tech,Mumbai University,2024
522,Brittney,Reed,brittney.reed522@example.com,198-150-4564x02121,BCA,Mumbai University,2020
523,Jenny,Harrison,jenny.harrison523@example.com,071-364-2975x539,B.Sc,BITS Pilani,2024
524,James,Ellis,james.ellis524@example.com,(521)535-7308x5757,B.Tech,Mumbai University,2020
525,William,Carrillo,william.carrillo525@example.com,2977838105,BBA,BITS Pilani,2024
526,Wayne,Schroeder,wayne.schroeder526@example.com,5101727884,B.E.,VIIT,2018
527,David,Martinez,david.martinez527@example.com,149-658-6987x75980,M.Tech,VIIT,2023
528,Robert,Murphy,robert.murphy528@example.com,+1-811-674-8081,M.Sc,IIT Bombay,2021
529,Derrick,Tran,derrick.tran529@example.com,+1-282-800-4274x0692,B.Tech,Mumbai University,2021
530,Angela,Pierce,angela.pierce530@example.com,001-097-111-0179x98717,M.Tech,Mumbai University,2025
531,Samantha,Fisher,samantha.fisher531@example.com,(062)072-6805x65581,BBA,IIIT Delhi,2020
532,Edgar,Ibarra,edgar.ibarra532@example.com,+1-499-591-1582,B.Sc,NIT Trichy,2020
533,Allison,Klein,allison.klein533@example.com,863-090-5511x306,M.Tech,IIT Bombay,2019
534,Jennifer,Johnson,jennifer.johnson534@example.com,+1-368-343-5708x75868,M.Tech,IIIT Delhi,2022
535,Helen,Austin,helen.austin535@example.com,366-191-1849x2751,M.Sc,IIIT Delhi,2020
536,Kenneth,Allen,kenneth.allen536@example.com,+1-735-037-2906x372,B.Sc,VIIT,2022
537,Michael,Mason,michael.mason537@example.com,001-377-018-3861x390,B.E.,IIIT Delhi,2021
538,David,Klein,david.klein538@example.com,185-020-5480x4987,B.Tech,Mumbai University,2018
539,Elizabeth,Davis,elizabeth.davis539@example.com,167.985.7293x44597,B.Sc,VIIT,2026
540,Erin,Hicks,erin.hicks540@example.com,(156)286-9524,B.E.,Pune University,2022
541,Christopher,White,christopher.white541@example.com,9934141174,B.E.,VIIT,2020
542,Allison,Kelly,allison.kelly542@example.com,537-839-9811,B.Sc,VIIT,2023
543,Jose,Stewart,jose.stewart543@example.com,0639396027,M.Tech,VIIT,2024
544,Joshua,Baker,joshua.baker544@example.com,899-189-3024x88642,B.Sc,Delhi University,2021
545,Jennifer,Black,jennifer.black545@example.com,001-338-192-7846x92293,B.E.,Delhi University,2022
546,Vicki,Williams,vicki.williams546@example.com,(805)266-6401,M.Tech,IIT Bombay,2025
547,Thomas,Hudson,thomas.hudson547@example.com,+1-946-758-7763x7851,M.Tech,NIT Trichy,2024
548,Stephanie,Patterson,stephanie.patterson548@example.com,839.616.0086x95673,BBA,Mumbai University,2022
549,Heather,Macias,heather.macias549@example.com,001-836-162-5342x518,M.Sc,Mumbai University,2022
550,Joseph,Gomez,joseph.gomez550@example.com,(204)265-1249x8248,B.Tech,VIIT,2022
551,Steven,Anderson,steven.anderson551@example.com,(008)011-5706,BCA,Delhi University,2022
552,Courtney,Harris,courtney.harris552@example.com,610.510.2585x0227,BCA,VIIT,2025
553,Logan,Lee,logan.lee553@example.com,828-898-8667x0583,B.Sc,IIIT Delhi,2019
554,Shannon,Rodriguez,shannon.rodriguez554@example.com,(314)609-5151,BBA,VIIT,2023
555,Helen,Rodriguez,helen.rodriguez555@example.com,0046319708,B.Sc,BITS Pilani,2021
556,John,Fowler,john.fowler556@example.com,381.143.3721,B.E.,Delhi University,2026
557,David,Colon,david.colon557@example.com,3707977493,M.Tech,Pune University,2020
558,Brian,Phelps,brian.phelps558@example.com,5945815642,M.Sc,VIIT,2024
559,Tanya,Johnson,tanya.johnson559@example.com,(057)409-7727x64254,BCA,VIIT,2021
560,Kim,Fields,kim.fields560@example.com,5909460578,BCA,NIT Trichy,2025
561,Steven,Gonzalez,steven.gonzalez561@example.com,+1-048-552-5377,B.Tech,IIIT Delhi,2020
562,Michelle,Norton,michelle.norton562@example.com,514-581-5025x9539,BBA,Delhi University,2021
563,Breanna,Harrell,breanna.harrell563@example.com,+1-902-009-0718x66819,B.Sc,IIIT Delhi,2019
564,Michael,Singleton,michael.singleton564@example.com,001-836-242-2276x43783,BBA,NIT Trichy,2024
565,Sally,Perez,sally.perez565@example.com,869-504-3041x825,M.Sc,Mumbai University,2022
566,Katrina,Mitchell,katrina.mitchell566@example.com,970-531-4369,M.Sc,Mumbai University,2019
567,Robert,Sanford,robert.sanford567@example.com,001-827-225-5322x416,BBA,VIIT,2026
568,Kevin,Greer,kevin.greer568@example.com,(060)513-5185x97609,BCA,IIT Bombay,2026
569,Daniel,Rios,daniel.rios569@example.com,642-188-2235,B.Sc,NIT Trichy,2023
570,Ruth,Matthews,ruth.matthews570@example.com,236.451.9261x785,B.Tech,IIT Bombay,2019
571,Willie,Foster,willie.foster571@example.com,937.068.4880,M.Sc,Mumbai University,2021
572,Ana,Key,ana.key572@example.com,(376)469-9740,B.Sc,VIIT,2018
573,Mark,Davis,mark.davis573@example.com,(318)678-3869x919,B.Sc,Delhi University,2025
574,Nicholas,Downs,nicholas.downs574@example.com,+1-316-426-1877x1575,B.E.,BITS Pilani,2025
575,Michael,Roth,michael.roth575@example.com,(034)968-8678x21365,M.Sc,IIIT Delhi,2020
576,Jenna,Watson,jenna.watson576@example.com,477.602.6097x5556,M.Sc,Pune University,2018
577,Russell,Ortiz,russell.ortiz577@example.com,+1-747-937-8207x7478,B.Tech,VIIT,2019
578,Larry,Norton,larry.norton578@example.com,001-552-550-9040,B.Sc,NIT Trichy,2020
579,Nathan,Booth,nathan.booth579@example.com,+1-896-872-2280,BCA,BITS Pilani,2019
580,Jeffrey,Castaneda,jeffrey.castaneda580@example.com,(144)101-1553x86196,BCA,Mumbai University,2018
581,David,Pham,david.pham581@example.com,(044)501-3413,B.Tech,IIIT Delhi,2026
582,Daniel,Lopez,daniel.lopez582@example.com,375.332.5513x807,B.Tech,Mumbai University,2024
583,Christopher,White,christopher.white583@example.com,(738)436-4327,BCA,NIT Trichy,2021
584,Patricia,Hoffman,patricia.hoffman584@example.com,089.487.4040x54233,B.E.,Delhi University,2024
585,Daniel,Castillo,daniel.castillo585@example.com,001-916-172-8735,B.Sc,IIIT Delhi,2022
586,Alex,Erickson,alex.erickson586@example.com,(160)663-5154x0311,B.Tech,Mumbai University,2025
587,William,Williams,william.williams587@example.com,517.240.1212x56592,B.Sc,NIT Trichy,2018
588,Brandon,Cameron,brandon.cameron588@example.com,371.260.3080x802,B.Tech,IIT Bombay,2024
589,Jeffrey,White,jeffrey.white589@example.com,+1-613-782-9008x8064,M.Sc,IIT Bombay,2025
590,Steven,Logan,steven.logan590@example.com,863-617-3849x703,M.Sc,NIT Trichy,2023
591,Monica,Johnson,monica.johnson591@example.com,8737246853,BBA,NIT Trichy,2019
592,John,Silva,john.silva592@example.com,(709)511-0430x94647,BBA,IIIT Delhi,2022
593,Carl,Thomas,carl.thomas593@example.com,862.986.9676x466,BCA,Mumbai University,2019
594,Cindy,Lopez,cindy.lopez594@example.com,(905)504-3463,BCA,Mumbai University,2022
595,Leon,Allen,leon.allen595@example.com,001-402-767-0681,BCA,BITS Pilani,2023
596,Michelle,Byrd,michelle.byrd596@example.com,320-603-3096x1527,M.Sc,Pune University,2025
597,Dorothy,Watkins,dorothy.watkins597@example.com,(623)948-5712,BBA,VIIT,2018
598,Sheena,Fox,sheena.fox598@example.com,423.735.7818,M.Sc,BITS Pilani,2025
599,Antonio,Bullock,antonio.bullock599@example.com,001-443-339-7843x193,B.Sc,Pune University,2023
600,David,Sanchez,david.sanchez600@example.com,(185)871-9471,M.Sc,IIT Bombay,2022
601,Kristie,Thompson,kristie.thompson601@example.com,(622)215-9272x9633,M.Tech,Pune University,2019
602,Anthony,Anderson,anthony.anderson602@example.com,(463)763-7009,B.Sc,IIT Bombay,2022
603,Pamela,Hayes,pamela.hayes603@example.com,726.300.0782,B.Sc,NIT Trichy,2026
604,Ethan,Hart,ethan.hart604@example.com,(091)093-7502,B.Tech,IIIT Delhi,2024
605,Alec,Sullivan,alec.sullivan605@example.com,+1-022-804-8570x85219,BBA,Pune University,2024
606,Laura,Edwards,laura.edwards606@example.com,+1-200-995-3020x607,BBA,BITS Pilani,2021
607,Tammy,James,tammy.james607@example.com,287-331-7463,BCA,IIT Bombay,2020
608,Jeffrey,Evans,jeffrey.evans608@example.com,+1-309-846-9682x889,BCA,NIT Trichy,2018
609,April,Romero,april.romero609@example.com,991.373.4478x526,BBA,Mumbai University,2020
610,Judith,Morris,judith.morris610@example.com,+1-518-280-0886x47410,M.Sc,Pune University,2018
611,Lori,Harvey,lori.harvey611@example.com,(119)539-3420x851,M.Tech,Mumbai University,2025
612,Ashley,Lester,ashley.lester612@example.com,959.615.5442x25595,BBA,IIIT Delhi,2023
613,Adam,Hawkins,adam.hawkins613@example.com,2658479009,BCA,BITS Pilani,2024
614,Kelli,Ramsey,kelli.ramsey614@example.com,(883)844-1165x8694,BBA,NIT Trichy,2022
615,Ebony,Cunningham,ebony.cunningham615@example.com,680-373-9448,B.E.,Delhi University,2022
616,Daisy,Weaver,daisy.weaver616@example.com,001-200-516-7841x6438,BBA,NIT Trichy,2023
617,Teresa,Johnson,teresa.johnson617@example.com,948-756-1241x550,M.Sc,IIT Bombay,2020
618,Robert,Miller,robert.miller618@example.com,314.993.1872,BBA,Mumbai University,2020
619,Scott,Chapman,scott.chapman619@example.com,405.909.1311,BCA,Pune University,2023
620,Bryan,Weeks,bryan.weeks620@example.com,(953)099-6270x18070,M.Sc,BITS Pilani,2020
621,Kathryn,Moore,kathryn.moore621@example.com,201-711-0618x1975,B.E.,Mumbai University,2022
622,Theresa,Barber,theresa.barber622@example.com,001-080-932-9923x673,M.Sc,VIIT,2018
623,Brandon,White,brandon.white623@example.com,001-234-405-2415x219,BBA,NIT Trichy,2026
624,Jerry,Davis,jerry.davis624@example.com,(046)955-0042x238,B.Tech,IIT Bombay,2023
625,Jill,Lozano,jill.lozano625@example.com,039-042-9031x723,M.Tech,Mumbai University,2022
626,David,Pace,david.pace626@example.com,265-438-5977x4340,B.E.,NIT Trichy,2025
627,Daniel,Mitchell,daniel.mitchell627@example.com,(926)566-4221x14223,B.Sc,Pune University,2026
628,Frederick,Cook,frederick.cook628@example.com,637.750.9931x71872,M.Sc,IIIT Delhi,2018
629,Paul,Collins,paul.collins629@example.com,467-374-6148x45310,B.Tech,IIT Bombay,2025
630,Tina,Kelly,tina.kelly630@example.com,(092)774-7982x804,BBA,IIIT Delhi,2024
631,Juan,Taylor,juan.taylor631@example.com,583.237.0829,B.Sc,IIT Bombay,2021
632,Christopher,Andrade,christopher.andrade632@example.com,001-777-845-9656,BBA,NIT Trichy,2024
633,Christopher,Williams,christopher.williams633@example.com,+1-706-394-5390x8993,M.Tech,VIIT,2019
634,Michael,Elliott,michael.elliott634@example.com,001-629-878-4800x700,B.Tech,Mumbai University,2025
635,Kathleen,Johnson,kathleen.johnson635@example.com,855-151-9090,BCA,Mumbai University,2022
636,Victor,Smith,victor.smith636@example.com,868-252-4726x9766,M.Sc,IIIT Delhi,2021
637,Tyler,Hines,tyler.hines637@example.com,001-490-173-7413x5989,M.Sc,Delhi University,2019
638,Jessica,Chavez,jessica.chavez638@example.com,(295)029-6711x0044,B.E.,VIIT,2026
639,Crystal,Martinez,crystal.martinez639@example.com,(639)852-9925,B.Tech,Pune University,2022
640,Courtney,Keller,courtney.keller640@example.com,261-077-2950x4235,B.Sc,BITS Pilani,2023
641,Charlotte,Smith,charlotte.smith641@example.com,(481)881-1793x822,BBA,BITS Pilani,2025
642,Bradley,Morgan,bradley.morgan642@example.com,266-209-7565x3227,B.Tech,IIT Bombay,2024
643,David,Escobar,david.escobar643@example.com,372.908.0929x004,BBA,IIIT Delhi,2025
644,Joseph,Washington,joseph.washington644@example.com,762-298-1717,B.Tech,IIT Bombay,2019
645,Andrew,Morris,andrew.morris645@example.com,(139)968-8964x221,BBA,Delhi University,2018
646,Miguel,Best,miguel.best646@example.com,(341)658-8350x29003,BBA,Mumbai University,2021
647,Valerie,Anderson,valerie.anderson647@example.com,001-186-388-9166x618,BCA,Mumbai University,2019
648,James,Murillo,james.murillo648@example.com,+1-161-805-3488x754,M.Tech,Pune University,2022
649,Karen,Willis,karen.willis649@example.com,3084281645,B.Sc,Delhi University,2022
650,Dean,Mccormick,dean.mccormick650@example.com,001-630-496-1373x587,M.Sc,IIT Bombay,2020
651,Daniel,Howe,daniel.howe651@example.com,001-357-233-9335x28555,M.Sc,IIIT Delhi,2018
652,Betty,Webster,betty.webster652@example.com,751.229.8877,B.Sc,IIIT Delhi,2018
653,Rebecca,Rhodes,rebecca.rhodes653@example.com,099.530.4963,BBA,VIIT,2021
654,Stephanie,Jackson,stephanie.jackson654@example.com,586.209.4849x3340,BCA,Delhi University,2019
655,Michael,Johnson,michael.johnson655@example.com,+1-404-061-5840x5496,B.Tech,Pune University,2025
656,David,Hall,david.hall656@example.com,899.260.7587,B.E.,NIT Trichy,2021
657,James,Roberts,james.roberts657@example.com,906.551.1717x34267,M.Tech,IIT Bombay,2022
658,James,Osborne,james.osborne658@example.com,445.826.5548,B.Sc,IIT Bombay,2022
659,Patrick,Allen,patrick.allen659@example.com,816.641.1129,B.Sc,IIIT Delhi,2018
660,Alan,Smith,alan.smith660@example.com,+1-614-378-4404x0813,B.Tech,NIT Trichy,2022
661,Christopher,Randolph,christopher.randolph661@example.com,+1-221-024-8537x830,BBA,Delhi University,2019
662,Nicholas,Lewis,nicholas.lewis662@example.com,+1-421-422-9660x776,B.E.,BITS Pilani,2021
663,Ryan,Valentine,ryan.valentine663@example.com,+1-729-707-4109,B.Sc,VIIT,2026
664,Jennifer,Rogers,jennifer.rogers664@example.com,+1-123-882-6508x299,B.Sc,Mumbai University,2023
665,Michael,Barnes,michael.barnes665@example.com,4252607557,B.E.,Pune University,2024
666,Maurice,Garcia,maurice.garcia666@example.com,001-610-587-5316x01633,B.Sc,IIIT Delhi,2023
667,Craig,Taylor,craig.taylor667@example.com,001-142-280-2033x2897,BBA,BITS Pilani,2026
668,Kimberly,Allen,kimberly.allen668@example.com,(231)468-8078x7280,B.Tech,IIIT Delhi,2026
669,Kimberly,Walker,kimberly.walker669@example.com,(388)143-0838x309,B.Sc,IIIT Delhi,2018
670,Lauren,Bennett,lauren.bennett670@example.com,(970)388-6909x5819,M.Sc,BITS Pilani,2020
671,Emma,Delgado,emma.delgado671@example.com,(667)379-7446,M.Sc,NIT Trichy,2022
672,Robert,Walker,robert.walker672@example.com,699.213.7334x8725,M.Sc,IIT Bombay,2019
673,Scott,Stewart,scott.stewart673@example.com,(845)630-0564x98578,M.Sc,IIT Bombay,2021
674,Sandra,Harris,sandra.harris674@example.com,+1-223-712-3176,B.Tech,Pune University,2018
675,Linda,Lamb,linda.lamb675@example.com,399-588-3442,BCA,Pune University,2019
676,Jennifer,Pennington,jennifer.pennington676@example.com,920-135-2965,BBA,IIT Bombay,2025
677,Ian,Smith,ian.smith677@example.com,(712)551-1779x585,M.Tech,Pune University,2022
678,Samuel,Wilson,samuel.wilson678@example.com,+1-207-085-9163,B.Tech,Delhi University,2024
679,Paula,Randall,paula.randall679@example.com,987-181-7581x7728,B.Tech,NIT Trichy,2024
680,Patricia,Reynolds,patricia.reynolds680@example.com,+1-186-769-3565x067,B.Tech,Mumbai University,2023
681,Jason,Rush,jason.rush681@example.com,756-000-6729x30740,BBA,Delhi University,2021
682,Elizabeth,Maldonado,elizabeth.maldonado682@example.com,+1-604-518-7024x962,B.Tech,Pune University,2018
683,Amber,Woods,amber.woods683@example.com,(909)234-9274,M.Tech,BITS Pilani,2019
684,Paige,Sullivan,paige.sullivan684@example.com,001-382-005-5746x63343,BBA,IIT Bombay,2022
685,Jose,Johnson,jose.johnson685@example.com,523-803-5703,B.E.,VIIT,2023
686,Holly,Watkins,holly.watkins686@example.com,+1-240-852-8978x2264,BCA,IIIT Delhi,2024
687,Bill,Romero,bill.romero687@example.com,+1-409-650-1227x06184,BCA,IIT Bombay,2019
688,Michael,Bell,michael.bell688@example.com,081.725.9234x3820,M.Tech,IIT Bombay,2021
689,Adam,Ortiz,adam.ortiz689@example.com,+1-003-559-9546,B.Tech,VIIT,2025
690,Norman,Oconnell,norman.oconnell690@example.com,+1-754-509-3468x091,BCA,IIIT Delhi,2026
691,Robert,Salazar,robert.salazar691@example.com,5773425332,B.E.,NIT Trichy,2023
692,Sarah,Turner,sarah.turner692@example.com,+1-909-164-4795x590,B.Tech,IIIT Delhi,2018
693,Christina,Lawson,christina.lawson693@example.com,+1-302-384-6066x24779,BBA,VIIT,2024
694,Sara,Drake,sara.drake694@example.com,+1-676-478-2303x33010,M.Tech,IIIT Delhi,2024
695,Joanne,Green,joanne.green695@example.com,001-218-446-3236x67001,B.Tech,IIIT Delhi,2025
696,Jennifer,Mccoy,jennifer.mccoy696@example.com,286.143.3580x82593,M.Sc,BITS Pilani,2026
697,Robert,Rangel,robert.rangel697@example.com,286-382-9140x530,B.Tech,IIT Bombay,2019
698,Stephanie,Burns,stephanie.burns698@example.com,763-664-3729x892,B.Sc,VIIT,2021
699,Melanie,Griffith,melanie.griffith699@example.com,+1-767-852-5684x8938,B.Sc,NIT Trichy,2026
700,Stephanie,Thompson,stephanie.thompson700@example.com,001-235-414-3994x854,B.Tech,IIIT Delhi,2022
